Ref,Val,Package,PosX,PosY,Rot,Side
"C1","1nF","C_0805_2012Metric_Pad1.18x1.45mm_HandSolder",155.448000,-93.472000,-90.000000,bottom
"C2","100nF","C_0805_2012Metric_Pad1.18x1.45mm_HandSolder",160.274000,-101.092000,-90.000000,bottom
"C3","100nF","C_0805_2012Metric_Pad1.18x1.45mm_HandSolder",167.640000,-115.062000,-90.000000,bottom
"C4","100nF","C_0805_2012Metric_Pad1.18x1.45mm_HandSolder",160.274000,-73.152000,-90.000000,bottom
"C5","100nF","C_0805_2012Metric_Pad1.18x1.45mm_HandSolder",133.096000,-123.952000,-90.000000,bottom
"C6","100nF","C_0805_2012Metric_Pad1.18x1.45mm_HandSolder",160.274000,-87.122000,-90.000000,bottom
"C7","100nF","C_0805_2012Metric_Pad1.18x1.45mm_HandSolder",123.444000,-85.344000,-90.000000,bottom
"C8","100nF","C_0805_2012Metric_Pad1.18x1.45mm_HandSolder",155.448000,-88.138000,90.000000,bottom
"C9","100nF","C_0805_2012Metric_Pad1.18x1.45mm_HandSolder",115.570000,-106.934000,180.000000,bottom
"C10","100nF","C_0805_2012Metric_Pad1.18x1.45mm_HandSolder",156.464000,-99.314000,-90.000000,bottom
"C11","100nF","C_0805_2012Metric_Pad1.18x1.45mm_HandSolder",132.842000,-104.648000,-90.000000,bottom
"C12","100nF","C_0805_2012Metric_Pad1.18x1.45mm_HandSolder",111.760000,-101.346000,180.000000,bottom
"C13","100nF","C_0805_2012Metric_Pad1.18x1.45mm_HandSolder",115.570000,-123.952000,180.000000,bottom
"C14","100nF","C_0805_2012Metric_Pad1.18x1.45mm_HandSolder",132.842000,-98.044000,180.000000,bottom
"C15","100nF","C_0805_2012Metric_Pad1.18x1.45mm_HandSolder",113.030000,-83.820000,90.000000,bottom
"C16","100nF","C_0805_2012Metric_Pad1.18x1.45mm_HandSolder",141.986000,-69.596000,90.000000,bottom
"R1","1K","R_0805_2012Metric_Pad1.20x1.40mm_HandSolder",152.908000,-78.994000,-90.000000,bottom
"R2","680R","R_0805_2012Metric_Pad1.20x1.40mm_HandSolder",160.020000,-68.072000,-90.000000,bottom
"R3","4K7","R_0805_2012Metric_Pad1.20x1.40mm_HandSolder",105.156000,-124.460000,90.000000,bottom
"R4","680R","R_0805_2012Metric_Pad1.20x1.40mm_HandSolder",120.396000,-69.850000,-90.000000,bottom
"R5","10K","R_0805_2012Metric_Pad1.20x1.40mm_HandSolder",132.842000,-69.580000,90.000000,bottom
"R6","10K","R_0805_2012Metric_Pad1.20x1.40mm_HandSolder",135.382000,-69.596000,90.000000,bottom
"R7","10K","R_0805_2012Metric_Pad1.20x1.40mm_HandSolder",137.922000,-69.596000,90.000000,bottom
"R8","10K","R_0805_2012Metric_Pad1.20x1.40mm_HandSolder",132.842000,-87.868000,-90.000000,bottom
"R9","10K","R_0805_2012Metric_Pad1.20x1.40mm_HandSolder",135.382000,-87.884000,-90.000000,bottom
"R10","10K","R_0805_2012Metric_Pad1.20x1.40mm_HandSolder",137.922000,-87.884000,-90.000000,bottom
"R11","10K","R_0805_2012Metric_Pad1.20x1.40mm_HandSolder",140.462000,-87.884000,-90.000000,bottom
"U1","74HCT32","SOIC-14_3.9x8.7mm_P1.27mm",117.000000,-131.000000,180.000000,bottom
"U5","74HCT74","SOIC-14_3.9x8.7mm_P1.27mm",135.500000,-131.500000,180.000000,bottom
"U7","74HCT74","SOIC-14_3.9x8.7mm_P1.27mm",117.000000,-114.000000,180.000000,bottom
"U9","74HCT125","SOIC-14_3.9x8.7mm_P1.27mm",126.000000,-93.000000,180.000000,bottom
"U11","74HCT32","SOIC-14_3.9x8.7mm_P1.27mm",135.500000,-112.500000,180.000000,bottom
"U17","74HCT32","SOIC-14_3.9x8.7mm_P1.27mm",115.570000,-91.440000,180.000000,bottom
"U18","74HCT240","SOIC-20W_7.5x12.8mm_P1.27mm",136.144000,-78.740000,90.000000,bottom
"CN1","ZX_Plus3_SOLDER","ZX_EDGE_SOLDER",131.000000,-140.000000,0.000000,top
"CN2","ZX_Plus3_BACK","ZX_EDGE_BACK",133.900000,-56.000000,0.000000,top
"D1","MF_LED","LED_D3.0mm",154.000000,-70.000000,0.000000,top
"D2","PWR_LED","LED_D3.0mm",114.554000,-70.000000,0.000000,top
"J1","Kempston","DSUB-9_Male_Horizontal_P2.77x2.84mm_EdgePinOffset4.94mm_Housed_MountingHolesOffset7.48mm",107.000000,-81.500000,-90.000000,top
"SW1","RESET","SW_PUSH_6mm_H13mm",120.000000,-80.000000,180.000000,top
"SW2","MF3_ACT","SW_PUSH_6mm_H13mm",156.000000,-80.000000,180.000000,top
"SW3","ROMSEL","SPDT_ON_OFF_Big",104.000000,-126.500000,-90.000000,top
"SW4","JOY_ONOFF","SPDT_ON_OFF_Big",104.000000,-111.000000,-90.000000,top
"U2","74HCT32","SOIC-14_3.9x8.7mm_P1.27mm",164.000000,-94.000000,90.000000,top
"U3","74LS670N","SOIC-16W_5.3x10.2mm_P1.27mm",164.000000,-123.500000,0.000000,top
"U4","74HCT32","SOIC-14_3.9x8.7mm_P1.27mm",164.000000,-108.000000,90.000000,top
"U6","74HCT32","SOIC-14_3.9x8.7mm_P1.27mm",164.000000,-80.000000,90.000000,top
"U8","74HCT74","SOIC-14_3.9x8.7mm_P1.27mm",149.500000,-91.000000,0.000000,top
"U10","GAL16V8B","DIP-20_W7.62mm_Socket",149.000000,-104.000000,0.000000,top
"U13","W27E257","DIP-28_W15.24mm_Socket",109.500000,-105.000000,0.000000,top
"U16","6264 / 62256","DIP-28_W15.24mm_Socket",129.000000,-102.000000,0.000000,top
