Ref,Val,Package,PosX,PosY,Rot,Side
"C1","1nF","C_0805_2012Metric_Pad1.18x1.45mm_HandSolder",150.876000,-119.126000,-90.000000,bottom
"C2","100nF","C_0805_2012Metric_Pad1.18x1.45mm_HandSolder",161.544000,-114.046000,180.000000,bottom
"C3","100nF","C_0805_2012Metric_Pad1.18x1.45mm_HandSolder",159.766000,-125.476000,180.000000,bottom
"C4","100nF","C_0805_2012Metric_Pad1.18x1.45mm_HandSolder",161.544000,-89.916000,180.000000,bottom
"C5","100nF","C_0805_2012Metric_Pad1.18x1.45mm_HandSolder",140.462000,-140.462000,180.000000,bottom
"C6","100nF","C_0805_2012Metric_Pad1.18x1.45mm_HandSolder",161.290000,-101.600000,180.000000,bottom
"C7","100nF","C_0805_2012Metric_Pad1.18x1.45mm_HandSolder",111.506000,-106.680000,180.000000,bottom
"C8","100nF","C_0805_2012Metric_Pad1.18x1.45mm_HandSolder",156.464000,-88.392000,90.000000,bottom
"C9","100nF","C_0805_2012Metric_Pad1.18x1.45mm_HandSolder",110.998000,-85.852000,-90.000000,bottom
"C10","100nF","C_0805_2012Metric_Pad1.18x1.45mm_HandSolder",153.416000,-104.902000,0.000000,bottom
"C11","100nF","C_0805_2012Metric_Pad1.18x1.45mm_HandSolder",131.064000,-105.918000,-90.000000,bottom
"C12","100nF","C_0805_2012Metric_Pad1.18x1.45mm_HandSolder",119.634000,-100.330000,0.000000,bottom
"C14","100nF","C_0805_2012Metric_Pad1.18x1.45mm_HandSolder",111.506000,-125.730000,180.000000,bottom
"C15","100nF","C_0805_2012Metric_Pad1.18x1.45mm_HandSolder",140.208000,-100.076000,0.000000,bottom
"C17","100nF","C_0805_2012Metric_Pad1.18x1.45mm_HandSolder",119.380000,-83.058000,90.000000,bottom
"C18","100nF","C_0805_2012Metric_Pad1.18x1.45mm_HandSolder",125.730000,-87.122000,-90.000000,bottom
"R1","1K","R_0805_2012Metric_Pad1.20x1.40mm_HandSolder",161.544000,-85.852000,0.000000,bottom
"R2","680R","R_0805_2012Metric_Pad1.20x1.40mm_HandSolder",164.592000,-80.518000,180.000000,bottom
"R3","4K7","R_0805_2012Metric_Pad1.20x1.40mm_HandSolder",148.336000,-80.264000,90.000000,bottom
"R4","680R","R_0805_2012Metric_Pad1.20x1.40mm_HandSolder",101.600000,-80.772000,180.000000,bottom
"R5","1K","R_0805_2012Metric_Pad1.20x1.40mm_HandSolder",116.586000,-83.058000,-90.000000,bottom
"U1","74HCT32","SOIC-14_3.9x8.7mm_P1.27mm",113.095000,-132.588000,180.000000,bottom
"U5","74HCT74","SOIC-14_3.9x8.7mm_P1.27mm",133.539000,-131.826000,180.000000,bottom
"U7","74HCT74","SOIC-14_3.9x8.7mm_P1.27mm",113.030000,-113.538000,180.000000,bottom
"U11","74HCT32","SOIC-14_3.9x8.7mm_P1.27mm",133.539000,-113.538000,180.000000,bottom
"CN1","ZX_Plus3_SOLDER","ZX_EDGE_SOLDER",131.000000,-143.000000,0.000000,top
"D1","MF_LED","LED_D3.0mm",163.500000,-76.000000,0.000000,top
"D2","PWR_LED","LED_D3.0mm",100.500000,-76.000000,0.000000,top
"J1","Kempston","DSUB-9_Male_Horizontal_P2.77x2.84mm_EdgePinOffset4.94mm_Housed_MountingHolesOffset7.48mm",138.799000,-73.706000,180.000000,top
"RN1","10K","R_Array_SIP9",143.002000,-80.518000,180.000000,top
"SW1","RESET","SW_PUSH_6mm_H13mm",112.500000,-75.500000,-90.000000,top
"SW2","MF3_ACT","SW_PUSH_6mm_H13mm",158.000000,-75.500000,-90.000000,top
"SW3","ROMSEL","SW_Slide_SPDT_Angled_CK_OS102011MA1Q",158.500000,-68.000000,180.000000,top
"SW4","JOY_ONOFF","SW_Slide_SPDT_Angled_CK_OS102011MA1Q",112.500000,-68.000000,180.000000,top
"U2","74HCT32","SOIC-14_3.9x8.7mm_P1.27mm",164.084000,-119.823000,90.000000,top
"U3","74LS670N","SOIC-16W_5.3x10.2mm_P1.27mm",163.195000,-132.328000,90.000000,top
"U4","74HCT32","SOIC-14_3.9x8.7mm_P1.27mm",164.084000,-96.012000,90.000000,top
"U6","74HCT32","SOIC-14_3.9x8.7mm_P1.27mm",164.084000,-107.696000,90.000000,top
"U8","74HCT74","SOIC-14_3.9x8.7mm_P1.27mm",150.622000,-91.186000,0.000000,top
"U9","74HCT125","SOIC-14_3.9x8.7mm_P1.27mm",104.902000,-90.678000,0.000000,top
"U10","GAL16V8B","DIP-20_W7.62mm_Socket",147.000000,-109.000000,0.000000,top
"U12","W27E257","DIP-28_W15.24mm_Socket",105.500000,-104.125000,0.000000,top
"U13","74HCT240","SOIC-20W_7.5x12.8mm_P1.27mm",134.747000,-90.756000,90.000000,top
"U15","6264 / 62256","DIP-28_W15.24mm_Socket",126.000000,-103.500000,0.000000,top
"U17","74HCT32","SOIC-14_3.9x8.7mm_P1.27mm",117.029000,-90.678000,0.000000,top
